X,Y
-9.859346336708194,0.449025079134619
-9.213221064895148,-0.2537439461128726
-9.17565482423148,-0.2961183648212847
-9.131115840922044,-0.4201077769084875
-9.12719697196162,-0.3853354638659009
-8.926907853347906,-0.4696007881077229
-8.81845186301897,-0.6999360083521703
-8.116233058876496,-0.983054933125105
-7.870834856620492,-0.9852322782333772
-7.754757707813907,-1.014634082104235
-7.474543771260899,-0.787006493847745
-7.356542917961719,-0.7401380496943946
-5.478239899581974,0.7082765655428555
-5.199795697314831,0.904492486828461
-5.069419430095133,0.9645284296014658
-5.0484476817370165,0.97830247224461
-5.023898105127862,0.8358930145769157
-4.901860160531943,0.7873578797508624
-4.813001478448486,0.9975424522319968
-4.774027909849026,0.9715372579501316
-4.49977713413946,0.8238295662946478
-4.304924829515644,1.0353512557076
-4.271657773584316,0.9599871799157014
-4.11965971053037,0.8165090417823072
-4.008787861635659,0.7602346410960491
-3.9485706503462055,0.6818324910772782
-3.551938777716128,0.3465687888594128
-3.489441885970601,0.4404085739587198
-3.4643919502335336,0.3974746993474753
-3.340969560729226,0.3420279568086923
-3.1581490489454627,-0.0694787087006092
-2.963437711980528,-0.3592722084666764
-2.9200186678187183,-0.1006322682965084
-2.903056751295285,-0.4185150504257435
-2.502116656787308,-0.635614669382878
-2.136938942605,-0.8814138750011928
-2.0544741578711934,-0.7656444005796309
-1.989951940338317,-1.0103762834162782
-1.857471086331728,-1.0201165721236929
-1.7949674200403702,-1.091057429427992
-1.6666154997159666,-1.027458861301228
-1.5587262559615347,-0.98915073649748
-1.3926221894961337,-1.1384875501199785
-1.344581239792916,-1.0854975603921118
-1.3170214478495377,-1.1947796859922009
-1.1395807132384324,-0.9072623861078872
-0.8926089290257693,-0.914098176756136
-0.7552054823946541,-0.6470475111621394
-0.6826997349795896,-0.6930484406214766
-0.5475504831145432,-0.5096187855098993
-0.5240412819835338,-0.6631739734287648
0.242726595234421,0.3319335667103114
0.397368593118216,0.4740479007815865
0.5563223116880156,0.4258296584875873
0.9198332987956644,0.6855093159213153
1.8537973009931756,0.7883822786140777
2.1207664842243297,0.7533195476177053
2.582832855770217,0.3675052255867492
2.610649546175697,0.5252510369601279
2.7250236128629,0.6319170422880416
2.851984315472599,0.3207386230958027
2.917594496754571,0.2000081037155199
3.316222859837381,-0.3766667482746657
3.4627741991912018,-0.312061055754356
3.7219207571907456,-0.5853243801330275
3.763593390833769,-0.5416804964951997
3.844470719254245,-0.6523152877331404
4.13260359758565,-0.7598019006838227
4.253757877045469,-1.010308647774096
4.432722549637539,-0.9118716041840256
4.561946087674908,-1.1750780048362686
5.030874185448832,-0.8664310543847714
5.202174974599529,-0.7631200164672955
5.311680014508642,-0.8866078506971937
5.331909606344263,-0.8888804397903807
5.735620331435145,-0.601256086971299
5.806478322105189,-0.3073030008317634
5.849796759491415,-0.4221001685218463
5.895891477853539,-0.3626297703274167
5.948751432742936,-0.5118932663055005
6.0244815214689424,-0.2051435771478548
6.105408603437979,-0.2604531857490432
6.106663720861185,-0.2546975419227062
6.375009807925,0.1205034716591183
6.846623989987137,0.4318074149526453
6.97615488306241,0.7365638663824406
7.06612770229302,0.6795329101101688
7.565300099163551,1.093576431948002
7.84062581134021,1.0603209272112049
8.348131994838138,0.9926798752728724
8.403075955416021,1.0054409475825696
8.696114030478928,0.5940676307819635
8.846605720326256,0.5899135265168514
8.862221666235293,0.7112145408900378
8.882031970095348,0.4684071825819325
8.98806604855032,0.3359718085694777
9.698060574665677,-0.1061433161941827
9.787720141567526,-0.285695745761625
9.842739434851158,-0.3714932391520153
9.95941213248438,-0.4878543081817099
