dataset,split,X,Y
A,train,-9.969649233640968,-0.1851076904152502
A,train,-9.926424522425672,0.0295746431911871
A,train,-9.806617374290864,-0.0934880965534052
A,train,-9.800371458082726,-0.1176176412757822
A,train,-9.446867540261724,-0.6422823683446919
A,train,-9.044745084687747,-0.8642622623072408
A,train,-9.006179344332079,-0.7915386068376822
A,train,-8.972396241410994,-0.9715469370198876
A,train,-8.829546609037992,-0.7961920955442049
A,train,-8.741824784631715,-0.9092044628720992
A,train,-8.433775462839531,-0.9875382712357202
A,train,-8.259703546142132,-1.031649807483172
A,train,-8.034761504307005,-0.9820838934201952
A,train,-7.476822803631156,-0.700293063209009
A,train,-7.3313413954974305,-0.6443660730989891
A,train,-7.250523282621395,-0.5898323468385819
A,train,-7.166304520949229,-0.5491569804091019
A,train,-6.970357096935816,-0.2937712779272213
A,train,-6.72144093558444,-0.0014520069234875
A,train,-6.431149353973719,0.2188951430703473
A,train,-6.261715120523785,0.4074417809664976
A,train,-6.248532926666788,0.3900824191994319
A,train,-5.466658993445441,0.962786187785681
A,train,-5.159512022099555,0.9510029053382476
A,train,-5.138988888266567,0.8770115028073643
A,train,-4.961146520417412,1.0874669360288192
A,train,-4.925159690027307,1.0382916084683689
A,train,-4.907046628065606,0.8833172127625113
A,train,-4.8270602005743,1.092845279080094
A,train,-4.706171940057122,0.7865275917845492
A,train,-4.696275491809317,1.163054072988519
A,train,-4.445892154621875,0.8134505028603676
A,train,-4.342841918364567,0.8871790574421435
A,train,-4.17228094868144,0.5342309488874236
A,train,-3.757357960710575,0.1826168557627046
A,train,-3.403684197364907,-0.0992340709783794
A,train,-2.76897688840603,-0.499523519529812
A,train,-2.5909049898890952,-0.5192073157701934
A,train,-2.4898155699109825,-0.7486107443498802
A,train,-2.1328858821358665,-0.9682186412863684
A,train,-2.021191218463676,-1.0410245231540465
A,train,-1.9872836767784283,-0.9521074362962332
A,train,-1.8126431900588715,-0.9362921540154256
A,train,-1.6836253451571697,-1.0877685381817268
A,train,-1.6073461813666956,-1.1490148781853078
A,train,-1.3052245116312484,-0.8380317829304713
A,train,-1.0926995614687396,-0.836179642940386
A,train,-1.071733596794518,-0.8171570620930262
A,train,-0.9307314336682976,-0.8766400577545518
A,train,-0.9195573911945748,-0.7636877836120731
A,train,-0.9094824293495734,-0.6770565518746786
A,train,-0.8078778030874094,-0.7242786550138184
A,train,-0.7915611043363935,-0.6685357799107563
A,train,-0.7623355235949507,-0.6184295639539585
A,train,-0.0567757321112711,-0.032354208083572
A,train,0.1541801307214214,0.3194696327594896
A,train,0.1960924372694243,0.1426077927203888
A,train,0.449807466470693,0.3972337762658873
A,train,0.6048518572448316,0.6186558242566018
A,train,0.6870243924829378,0.610635887792269
A,train,0.7918637338432184,0.645665076399676
A,train,0.8319167302119919,0.6562075447938075
A,train,0.8790720919909418,0.647126201476961
A,train,0.94026411538316,0.6997020095746109
A,train,1.0295484447993637,0.8525839090023566
A,train,1.3674577921861193,1.0472265511321075
A,train,1.447230459103622,1.0505532213818072
A,train,1.530844446138655,0.9772833097345366
A,train,1.5775407849754934,1.1042692466466169
A,train,1.9836149450485507,1.1093186950834857
A,train,2.1328706786193408,0.9925536959384214
A,train,2.3028293622916607,0.80094806556279
A,train,2.587863283652002,0.6558552284662598
A,train,3.2163442212283773,0.0702510447662036
A,train,3.743629429610845,-0.0660804945313053
A,train,3.781843959367624,-0.5128301530098851
A,train,3.865166587867604,-0.464782813273887
A,train,4.234015661161765,-0.5615634509073277
A,train,4.311186434980998,-0.6896787553708148
A,train,4.321078145806908,-0.7367131811377625
A,train,4.672012567826096,-0.8051256275445509
A,train,4.726912140484711,-0.8876894437769582
A,train,5.027963553887743,-1.0772219190878682
A,train,5.036866962747018,-0.9040649438253486
A,train,5.2303138022197295,-0.9648217485944794
A,train,5.749823607353161,-0.795663542156587
A,train,5.9850281325570425,-0.8270686149950586
A,train,7.145503005785706,0.3193330130121806
A,train,7.526836479254324,0.7530761469993724
A,train,7.624397608195814,0.8579287175481822
A,train,7.707330706084456,0.9058735777641486
A,train,7.908134461613777,0.9411986274930598
A,train,8.139704117588671,1.1094979877042046
A,train,8.512945594898412,0.9752800211285692
A,train,8.772034803183555,0.8338200567626456
A,train,8.817752593646173,0.74346596487467
A,train,9.06142914637044,0.8057816895055491
A,train,9.14606381213233,0.6854372314305832
A,train,9.289810394354166,0.5559410506689135
A,train,9.40060071365113,0.5397176584877617
A,future,-19.76738927657339,0.065594891456626
A,future,-19.59708731634111,0.1718749923287829
A,future,-18.988962539582253,0.6574808087010489
A,future,-18.789460713421363,0.9715729232431688
A,future,-18.43889708048513,1.0578528381521997
A,future,-18.16487103351134,1.1335165307734807
A,future,-17.93134699879933,0.7911781945578907
A,future,-17.82165651053994,0.8404381268274299
A,future,-17.817945994120052,0.7861225200550582
A,future,-17.691666491595686,0.7026811332612212
A,future,-17.6183573294954,0.7450309156407677
A,future,-17.39942758754382,0.6545629854129605
A,future,-17.31397298866084,0.6916075748613364
A,future,-17.088451507278272,0.4161628952568341
A,future,-16.835166206762963,0.1335753622114064
A,future,-16.639040885106752,0.0220880441171628
A,future,-16.4552640020103,-0.2222089548516124
A,future,-16.283359948404886,-0.1696575720590202
A,future,-16.121635080037915,-0.6485750466090956
A,future,-15.935529157796957,-0.5818103037318154
A,future,-14.80255595251638,-0.9376679544258524
A,future,-14.685181961230668,-0.9581353439582388
A,future,-14.610517780376997,-0.8974752974908212
A,future,-14.460998419642474,-0.892389768369352
A,future,-14.358377169625786,-0.8672322621002688
A,future,-14.234810503978522,-0.5409576309932453
A,future,-14.102843540980937,-0.6536791141002575
A,future,-13.94778832306533,-0.3929812337181352
A,future,-13.906022504100962,-0.592252869854038
A,future,-13.60850425252566,-0.3545954215278721
A,future,-13.336106797212803,-0.0882218195114641
A,future,-13.189690999167048,0.0684918026120363
A,future,-13.118871061611408,0.2740848649848078
A,future,-13.019350975197309,0.2145408900243451
A,future,-12.808367409008191,0.5341722133606169
A,future,-12.253220905556631,0.8152862005029219
A,future,-11.83451953711278,1.087451221422307
A,future,-11.79625281736055,0.89585193928049
A,future,-11.585074286862126,0.8570395720987186
A,future,-11.53049637592226,0.7706840776210018
A,future,-11.003029445225184,0.8571388691015028
A,future,-10.992437565928856,0.6915643076237049
A,future,-10.915240406196062,0.8178231286189462
A,future,-10.876498884180506,0.717584451845581
A,future,-10.54811355095159,0.4570177711602796
A,future,-10.491730191681128,0.5185233492825444
A,future,-10.282197764341571,0.1538676027628069
A,future,-10.278791378144636,0.3117995296094606
A,future,10.047833371874615,0.0102263721269263
A,future,10.147314759817371,-0.0075244518705733
A,future,10.228624107317696,-0.3031035985604303
A,future,10.347438950479118,-0.3626698604828505
A,future,10.586439190444665,-0.5169223844926246
A,future,10.768700786689488,-0.5960042650325441
A,future,10.856228399464328,-0.6396517240648208
A,future,11.093563915751556,-0.9129271592062664
A,future,11.52234337538298,-1.085581518448542
A,future,11.640617317943752,-0.9490547070562436
A,future,11.74273343681446,-0.8840250984914584
A,future,12.031779114587197,-0.9602281472310892
A,future,12.112291825653273,-0.9513969752489724
A,future,12.191961446614595,-0.9975408739298616
A,future,12.48681363817305,-0.5613362281728427
A,future,12.57481208060044,-0.6821546363540001
A,future,12.589351517452585,-0.7284445996576592
A,future,12.604652766634237,-0.6876844180825438
A,future,12.650185705664205,-0.6673351356858847
A,future,13.355057813801404,-0.0375970528765403
A,future,13.428546749123557,0.2104747516567978
A,future,13.502727143930333,0.2318180357241071
A,future,13.790158455590715,0.3754045260513198
A,future,14.334495998262083,0.9174774520796246
A,future,14.477983644584068,0.7849392293388522
A,future,15.307017879868717,1.137198558395454
A,future,15.390205899342709,0.8504682930837386
A,future,15.451247484197252,0.8690621263152862
A,future,15.738634790766284,0.7099892753672203
A,future,15.836448636917808,0.7566209757021574
A,future,15.838061745412114,0.8904470947165827
A,future,16.34018913011168,0.3726254812965484
A,future,16.76203312182422,-0.1314788313776723
A,future,16.873946751567033,-0.0601338850429012
A,future,16.92403126183268,-0.4447817942125865
A,future,17.308324372344273,-0.4466324710807762
A,future,17.57466146312032,-0.7314543725908235
A,future,17.59708803433078,-0.8722025027332192
A,future,17.761825481455823,-1.0086301379219818
A,future,17.958838033821973,-1.1081370961022758
A,future,18.40853689744156,-1.0522458336119125
A,future,18.48966756171954,-0.9356791157184028
A,future,18.490975939289115,-1.0808477545500632
A,future,18.912413981896705,-0.9284136595364988
A,future,18.99574069334475,-0.8785609425698971
A,future,19.03845694437161,-0.810310072061033
A,future,19.216217845638656,-0.7142341231037647
A,future,19.438561999365263,-0.428856689871086
A,future,19.5606599118068,-0.4202080744910598
A,future,19.69682508055261,-0.3748183216731476
A,future,19.826532494920396,-0.1748637159460316
A,future,19.973001453216096,0.0367688519676564
B,train,-9.859346336708194,0.449025079134619
B,train,-9.213221064895148,-0.2537439461128726
B,train,-9.17565482423148,-0.2961183648212847
B,train,-9.131115840922044,-0.4201077769084875
B,train,-9.12719697196162,-0.3853354638659009
B,train,-8.926907853347906,-0.4696007881077229
B,train,-8.81845186301897,-0.6999360083521703
B,train,-8.116233058876496,-0.983054933125105
B,train,-7.870834856620492,-0.9852322782333772
B,train,-7.754757707813907,-1.014634082104235
B,train,-7.474543771260899,-0.787006493847745
B,train,-7.356542917961719,-0.7401380496943946
B,train,-5.478239899581974,0.7082765655428555
B,train,-5.199795697314831,0.904492486828461
B,train,-5.069419430095133,0.9645284296014658
B,train,-5.0484476817370165,0.97830247224461
B,train,-5.023898105127862,0.8358930145769157
B,train,-4.901860160531943,0.7873578797508624
B,train,-4.813001478448486,0.9975424522319968
B,train,-4.774027909849026,0.9715372579501316
B,train,-4.49977713413946,0.8238295662946478
B,train,-4.304924829515644,1.0353512557076
B,train,-4.271657773584316,0.9599871799157014
B,train,-4.11965971053037,0.8165090417823072
B,train,-4.008787861635659,0.7602346410960491
B,train,-3.9485706503462055,0.6818324910772782
B,train,-3.551938777716128,0.3465687888594128
B,train,-3.489441885970601,0.4404085739587198
B,train,-3.4643919502335336,0.3974746993474753
B,train,-3.340969560729226,0.3420279568086923
B,train,-3.1581490489454627,-0.0694787087006092
B,train,-2.963437711980528,-0.3592722084666764
B,train,-2.9200186678187183,-0.1006322682965084
B,train,-2.903056751295285,-0.4185150504257435
B,train,-2.502116656787308,-0.635614669382878
B,train,-2.136938942605,-0.8814138750011928
B,train,-2.0544741578711934,-0.7656444005796309
B,train,-1.989951940338317,-1.0103762834162782
B,train,-1.857471086331728,-1.0201165721236929
B,train,-1.7949674200403702,-1.091057429427992
B,train,-1.6666154997159666,-1.027458861301228
B,train,-1.5587262559615347,-0.98915073649748
B,train,-1.3926221894961337,-1.1384875501199785
B,train,-1.344581239792916,-1.0854975603921118
B,train,-1.3170214478495377,-1.1947796859922009
B,train,-1.1395807132384324,-0.9072623861078872
B,train,-0.8926089290257693,-0.914098176756136
B,train,-0.7552054823946541,-0.6470475111621394
B,train,-0.6826997349795896,-0.6930484406214766
B,train,-0.5475504831145432,-0.5096187855098993
B,train,-0.5240412819835338,-0.6631739734287648
B,train,0.242726595234421,0.3319335667103114
B,train,0.397368593118216,0.4740479007815865
B,train,0.5563223116880156,0.4258296584875873
B,train,0.9198332987956644,0.6855093159213153
B,train,1.853797300993176,0.7883822786140777
B,train,2.1207664842243297,0.7533195476177053
B,train,2.582832855770217,0.3675052255867492
B,train,2.610649546175697,0.5252510369601279
B,train,2.7250236128629,0.6319170422880416
B,train,2.851984315472599,0.3207386230958027
B,train,2.917594496754571,0.2000081037155199
B,train,3.316222859837381,-0.3766667482746657
B,train,3.4627741991912018,-0.312061055754356
B,train,3.7219207571907456,-0.5853243801330275
B,train,3.763593390833769,-0.5416804964951997
B,train,3.844470719254245,-0.6523152877331404
B,train,4.13260359758565,-0.7598019006838227
B,train,4.253757877045469,-1.010308647774096
B,train,4.432722549637539,-0.9118716041840256
B,train,4.561946087674908,-1.1750780048362686
B,train,5.030874185448832,-0.8664310543847714
B,train,5.202174974599529,-0.7631200164672955
B,train,5.311680014508642,-0.8866078506971937
B,train,5.331909606344263,-0.8888804397903807
B,train,5.735620331435145,-0.601256086971299
B,train,5.806478322105189,-0.3073030008317634
B,train,5.849796759491415,-0.4221001685218463
B,train,5.895891477853539,-0.3626297703274167
B,train,5.948751432742936,-0.5118932663055005
B,train,6.0244815214689424,-0.2051435771478548
B,train,6.105408603437979,-0.2604531857490432
B,train,6.106663720861185,-0.2546975419227062
B,train,6.375009807925,0.1205034716591183
B,train,6.846623989987137,0.4318074149526453
B,train,6.97615488306241,0.7365638663824406
B,train,7.06612770229302,0.6795329101101688
B,train,7.565300099163551,1.093576431948002
B,train,7.84062581134021,1.0603209272112049
B,train,8.348131994838138,0.9926798752728724
B,train,8.403075955416021,1.0054409475825696
B,train,8.696114030478928,0.5940676307819635
B,train,8.846605720326256,0.5899135265168514
B,train,8.862221666235293,0.7112145408900378
B,train,8.882031970095348,0.4684071825819325
B,train,8.98806604855032,0.3359718085694777
B,train,9.698060574665677,-0.1061433161941827
B,train,9.787720141567526,-0.285695745761625
B,train,9.842739434851158,-0.3714932391520153
B,train,9.95941213248438,-0.4878543081817099
B,future,-19.75890855969557,-0.04041147859252027
B,future,-19.53490713320656,0.023184457482385623
B,future,-19.510470724881102,0.05127874224850241
B,future,-19.38915253459173,-0.16637338189380613
B,future,-19.32393011349955,-0.2008003323783874
B,future,-19.31246673864738,-0.021148803339687786
B,future,-19.25243216350273,0.1427740226770116
B,future,-18.810440034983134,-0.1364863444429191
B,future,-18.80397743688774,-0.06613502807952287
B,future,-18.450689634331567,0.17129277516105143
B,future,-18.416384158226265,-0.04787093970900913
B,future,-18.159995498161084,-0.05725911517339527
B,future,-17.940113237275487,0.15337354224357114
B,future,-17.903648864496734,-0.06474500242771773
B,future,-17.655847413146038,-0.048717108314575645
B,future,-17.40516118192632,-0.015776471778516578
B,future,-17.35822630177936,-0.09219411300096982
B,future,-17.046865115679594,-0.1848083483364404
B,future,-16.98351824409406,-0.08140287279860492
B,future,-16.92232703481952,-0.11125808231943635
B,future,-16.74582872767569,-0.06911647847563152
B,future,-16.523669193473108,1.9619799277840327e-05
B,future,-15.525220249526054,0.0820621738988945
B,future,-15.147432410153826,0.10791878241241677
B,future,-14.884066064456928,-0.007577022025124232
B,future,-14.882387996475783,-0.14402137957497796
B,future,-14.741624706950724,0.04279068359645158
B,future,-14.728314260864272,-0.12871451757107605
B,future,-14.632081234391704,-0.06300503298864087
B,future,-14.187614113565736,-0.27482795110500624
B,future,-14.136707971093225,0.027262053840797024
B,future,-14.082674127593233,-0.2967233473914799
B,future,-13.675605031493438,-0.07851345685912611
B,future,-13.58734943255368,-0.22928884140540745
B,future,-13.072526290470655,-0.1929780371276145
B,future,-12.755012791474668,-0.14664461740012819
B,future,-12.628877840491285,-0.0978395031195226
B,future,-12.022040733783676,0.42827973303557937
B,future,-11.992221285413825,0.3936694431537988
B,future,-11.889546383569613,0.34487694885264486
B,future,-11.735385504339812,0.538165655536523
B,future,-11.655693444235496,0.43146356107659206
B,future,-11.42572141497392,0.735571681055574
B,future,-10.851255144778326,0.9158077358151355
B,future,-10.722763004823564,0.8996667820004132
B,future,-10.569323504103826,0.9253998849417396
B,future,-10.49909587141524,0.7919926687246355
B,future,-10.352277631707915,0.9724626110384247
B,future,-10.331386961324643,0.719312569525857
B,future,-10.246874959584533,0.7789063952894154
B,future,-10.086949498201784,0.5449750431997119
B,future,10.334169312632628,-0.6314276347767832
B,future,10.697283046519232,-0.7358669394276018
B,future,10.7672207341624,-0.9520399861026281
B,future,10.970231297432935,-0.8349269202517247
B,future,10.989936878773696,-1.0016360319790587
B,future,11.147813918153922,-0.7245714270732362
B,future,11.15270037250396,-0.9412203953995507
B,future,11.532920069678433,-0.7872499979170192
B,future,11.819580633012103,-0.3997556596147014
B,future,12.281407547295784,-0.1612762361177511
B,future,12.329088292580998,-0.008843833447789273
B,future,12.34377586030913,-0.058701170389619466
B,future,12.433012422030547,-0.13745535858056043
B,future,12.45313519556854,-0.019015269163313107
B,future,12.500086726687144,-0.03652413116384635
B,future,12.606737638474044,-0.027228346281809458
B,future,13.146691507311818,0.18555006747332464
B,future,13.284622721633196,0.20441906904899462
B,future,13.670059704911337,0.0585463663858837
B,future,14.128755014761069,-0.07214677807742279
B,future,14.302197044464249,0.05771750567079277
B,future,14.428748229361329,-0.05188854533284323
B,future,14.542350798755074,0.3295795325032213
B,future,14.68508780243716,-0.10971424699874172
B,future,14.779907022118142,0.06686192182098674
B,future,14.870959306719534,0.06269041611059133
B,future,15.08611565987818,0.1620053052012471
B,future,15.10459445221955,-0.1440920942740996
B,future,15.152056333293396,-0.1268432822773438
B,future,15.23065783853341,0.07214280374246211
B,future,15.497722309726104,0.04008214262917235
B,future,15.548942173276629,0.010936697916663362
B,future,15.764478101066564,0.07465538390863326
B,future,16.030099313969515,-0.0013880791004222647
B,future,16.280641167712403,0.06388030235185334
B,future,16.386083127397868,-0.12951674537184685
B,future,16.513305773594897,-0.09511911966572058
B,future,16.935117311035967,0.05629912589447755
B,future,17.122403580319194,-0.11193220139012713
B,future,17.402022647756816,-0.08263897945521383
B,future,17.64585924736272,-0.07887394395682157
B,future,17.69067926717598,-0.07905150156468878
B,future,17.78325339226378,0.08467955271745616
B,future,18.72964595338893,0.13980989261103696
B,future,19.09083425503404,-0.14992570561280863
B,future,19.14683740502,-0.08775582088055203
B,future,19.56809647956912,0.08277456016754611
B,future,19.68054738562121,-0.0646342168055478
B,future,19.9676811719565,0.042681890433146234
